{ "date_update":"2017-05-19 13:01 (31s)","maintenance_message":"", "data": [ {"id":"download_latransparencedesprix_com_80","URL":"http://download.latransparencedesprix.com:80/", "http_code":"301", "total_time":"0,210"}, {"id":"download_latransparencedesprix_com_443","URL":"https://download.latransparencedesprix.com:443/", "http_code":"000", "total_time":"0,202"}, {"id":"www_latransparencedesprix_com_80","URL":"http://www.latransparencedesprix.com:80/", "http_code":"200", "total_time":"0,408"}, {"id":"admin_webprice4u_com_80","URL":"http://admin.webprice4u.com:80/", "http_code":"200", "total_time":"0,066"}, {"id":"adhoc-admin-charac_workitsaas_com_443","URL":"https://adhoc-admin-charac.workitsaas.com:443/", "http_code":"000", "total_time":"0,189"}, {"id":"adhoc-admin-charac_workitsaas_com_80","URL":"http://adhoc-admin-charac.workitsaas.com:80/", "http_code":"200", "total_time":"0,507"}, {"id":"alerts_workitsaas_com_443","URL":"https://alerts.workitsaas.com:443/", "http_code":"200", "total_time":"0,737"}, {"id":"alerts_workitsaas_com_80","URL":"http://alerts.workitsaas.com:80/", "http_code":"200", "total_time":"0,539"}, {"id":"api_workitsaas_com_443","URL":"https://api.workitsaas.com:443/", "http_code":"200", "total_time":"0,174"}, {"id":"api_workitsaas_com_80","URL":"http://api.workitsaas.com:80/", "http_code":"200", "total_time":"0,045"}, {"id":"bulk-reference-admin_workitsaas_com_443","URL":"https://bulk-reference-admin.workitsaas.com:443/", "http_code":"000", "total_time":"1,000"}, {"id":"bulk-reference-admin_workitsaas_com_80","URL":"http://bulk-reference-admin.workitsaas.com:80/", "http_code":"301", "total_time":"1,000"}, {"id":"de_workitsaas_com_443","URL":"https://de.workitsaas.com:443/", "http_code":"200", "total_time":"0,451"}, {"id":"de_workitsaas_com_80","URL":"http://de.workitsaas.com:80/", "http_code":"200", "total_time":"0,483"}, {"id":"fr_workitsaas_com_443","URL":"https://fr.workitsaas.com:443/", "http_code":"200", "total_time":"0,489"}, {"id":"fr_workitsaas_com_80","URL":"http://fr.workitsaas.com:80/", "http_code":"200", "total_time":"0,510"}, {"id":"ii_workitsaas_com_443","URL":"https://ii.workitsaas.com:443/", "http_code":"200", "total_time":"0,449"}, {"id":"ii_workitsaas_com_80","URL":"http://ii.workitsaas.com:80/", "http_code":"200", "total_time":"0,494"}, {"id":"it_workitsaas_com_443","URL":"https://it.workitsaas.com:443/", "http_code":"200", "total_time":"0,451"}, {"id":"it_workitsaas_com_80","URL":"http://it.workitsaas.com:80/", "http_code":"200", "total_time":"0,494"}, {"id":"retail-at_workitsaas_com_443","URL":"https://retail-at.workitsaas.com:443/", "http_code":"200", "total_time":"0,236"}, {"id":"retail-at_workitsaas_com_80","URL":"http://retail-at.workitsaas.com:80/", "http_code":"200", "total_time":"0,052"}, {"id":"retail-ch_workitsaas_com_443","URL":"https://retail-ch.workitsaas.com:443/", "http_code":"200", "total_time":"0,227"}, {"id":"retail-ch_workitsaas_com_80","URL":"http://retail-ch.workitsaas.com:80/", "http_code":"200", "total_time":"0,051"}, {"id":"retail_workitsaas_com_443","URL":"https://retail.workitsaas.com:443/", "http_code":"200", "total_time":"0,237"}, {"id":"retail_workitsaas_com_80","URL":"http://retail.workitsaas.com:80/", "http_code":"200", "total_time":"0,080"}, {"id":"retail-de_workitsaas_com_443","URL":"https://retail-de.workitsaas.com:443/", "http_code":"200", "total_time":"0,234"}, {"id":"retail-de_workitsaas_com_80","URL":"http://retail-de.workitsaas.com:80/", "http_code":"200", "total_time":"0,080"}, {"id":"retail-fr_workitsaas_com_443","URL":"https://retail-fr.workitsaas.com:443/", "http_code":"200", "total_time":"0,251"}, {"id":"retail-fr_workitsaas_com_80","URL":"http://retail-fr.workitsaas.com:80/", "http_code":"200", "total_time":"0,079"}, {"id":"retail-ie_workitsaas_com_443","URL":"https://retail-ie.workitsaas.com:443/", "http_code":"200", "total_time":"0,221"}, {"id":"retail-ie_workitsaas_com_80","URL":"http://retail-ie.workitsaas.com:80/", "http_code":"200", "total_time":"0,058"}, {"id":"retail-ii_workitsaas_com_443","URL":"https://retail-ii.workitsaas.com:443/", "http_code":"200", "total_time":"0,209"}, {"id":"retail-ii_workitsaas_com_80","URL":"http://retail-ii.workitsaas.com:80/", "http_code":"200", "total_time":"0,045"}, {"id":"retail-it_workitsaas_com_443","URL":"https://retail-it.workitsaas.com:443/", "http_code":"200", "total_time":"0,229"}, {"id":"retail-it_workitsaas_com_80","URL":"http://retail-it.workitsaas.com:80/", "http_code":"200", "total_time":"0,047"}, {"id":"retail-uk_workitsaas_com_443","URL":"https://retail-uk.workitsaas.com:443/", "http_code":"200", "total_time":"0,196"}, {"id":"retail-uk_workitsaas_com_80","URL":"http://retail-uk.workitsaas.com:80/", "http_code":"200", "total_time":"0,062"}, {"id":"tracker-retail-sites-admin_workitsaas_com_443","URL":"https://tracker-retail-sites-admin.workitsaas.com:443/", "http_code":"200", "total_time":"0,186"}, {"id":"tracker-retail-sites-admin_workitsaas_com_80","URL":"http://tracker-retail-sites-admin.workitsaas.com:80/", "http_code":"200", "total_time":"0,237"}, {"id":"uk_workitsaas_com_443","URL":"https://uk.workitsaas.com:443/", "http_code":"200", "total_time":"0,399"}, {"id":"uk_workitsaas_com_80","URL":"http://uk.workitsaas.com:80/", "http_code":"200", "total_time":"0,472"}, {"id":"www_workitsaas_com_443","URL":"https://www.workitsaas.com:443/", "http_code":"200", "total_time":"0,196"}, {"id":"www_workitsaas_com_80","URL":"http://www.workitsaas.com:80/", "http_code":"000", "total_time":"1,001"}, {"id":"www_webprice4u_de_80","URL":"http://www.webprice4u.de:80/", "http_code":"200", "total_time":"0,115"}, {"id":"adhoc-admin-charac_workit_fr_443","URL":"https://adhoc-admin-charac.workit.fr:443/", "http_code":"404", "total_time":"0,207"}, {"id":"adhoc-admin-charac_workit_fr_80","URL":"http://adhoc-admin-charac.workit.fr:80/", "http_code":"200", "total_time":"0,473"}, {"id":"alerts_workit_fr_443","URL":"https://alerts.workit.fr:443/", "http_code":"200", "total_time":"0,756"}, {"id":"alerts_workit_fr_80","URL":"http://alerts.workit.fr:80/", "http_code":"200", "total_time":"0,545"}, {"id":"bgb3_workit_fr_80","URL":"http://bgb3.workit.fr:80/", "http_code":"200", "total_time":"0,078"}, {"id":"bgb_de_admin_workit_fr_80","URL":"http://bgb.de.admin.workit.fr:80/", "http_code":"200", "total_time":"0,078"}, {"id":"de-admin-charac_workit_fr_443","URL":"https://de-admin-charac.workit.fr:443/", "http_code":"404", "total_time":"0,212"}, {"id":"de-admin-charac_workit_fr_80","URL":"http://de-admin-charac.workit.fr:80/", "http_code":"200", "total_time":"0,494"}, {"id":"download_workit_fr_443","URL":"https://download.workit.fr:443/", "http_code":"200", "total_time":"0,222"}, {"id":"download_workit_fr_80","URL":"http://download.workit.fr:80/", "http_code":"200", "total_time":"0,291"}, {"id":"fashion-admin-charac_workit_fr_443","URL":"https://fashion-admin-charac.workit.fr:443/", "http_code":"404", "total_time":"0,216"}, {"id":"fashion-admin-charac_workit_fr_80","URL":"http://fashion-admin-charac.workit.fr:80/", "http_code":"301", "total_time":"0,061"}, {"id":"fr-admin-charac_workit_fr_443","URL":"https://fr-admin-charac.workit.fr:443/", "http_code":"404", "total_time":"0,209"}, {"id":"fr-admin-charac_workit_fr_80","URL":"http://fr-admin-charac.workit.fr:80/", "http_code":"200", "total_time":"0,505"}, {"id":"ii-admin-charac_workit_fr_443","URL":"https://ii-admin-charac.workit.fr:443/", "http_code":"404", "total_time":"0,220"}, {"id":"ii-admin-charac_workit_fr_80","URL":"http://ii-admin-charac.workit.fr:80/", "http_code":"200", "total_time":"0,552"}, {"id":"it-admin-charac_workit_fr_443","URL":"https://it-admin-charac.workit.fr:443/", "http_code":"404", "total_time":"0,261"}, {"id":"it-admin-charac_workit_fr_80","URL":"http://it-admin-charac.workit.fr:80/", "http_code":"200", "total_time":"0,558"}, {"id":"bgb3_it_workit_fr_80","URL":"http://bgb3.it.workit.fr:80/", "http_code":"200", "total_time":"0,079"}, {"id":"login_workit_fr_443","URL":"https://login.workit.fr:443/", "http_code":"200", "total_time":"0,318"}, {"id":"ltpmanager_workit_fr_80","URL":"http://ltpmanager.workit.fr:80/", "http_code":"200", "total_time":"0,091"}, {"id":"matching-adhoc_workit_fr_80","URL":"http://matching-adhoc.workit.fr:80/", "http_code":"200", "total_time":"0,084"}, {"id":"media_workit_fr_443","URL":"https://media.workit.fr:443/", "http_code":"200", "total_time":"0,226"}, {"id":"media_workit_fr_80","URL":"http://media.workit.fr:80/", "http_code":"200", "total_time":"0,055"}, {"id":"nas-ovh_workit_fr_443","URL":"https://nas-ovh.workit.fr:443/", "http_code":"200", "total_time":"0,292"}, {"id":"nas-ovh_workit_fr_8080","URL":"http://nas-ovh.workit.fr:8080/", "http_code":"200", "total_time":"0,342"}, {"id":"nas-ovh_workit_fr_80","URL":"http://nas-ovh.workit.fr:80/", "http_code":"200", "total_time":"0,296"}, {"id":"retail-at_workit_fr_443","URL":"https://retail-at.workit.fr:443/", "http_code":"200", "total_time":"0,194"}, {"id":"retail-at_workit_fr_80","URL":"http://retail-at.workit.fr:80/", "http_code":"200", "total_time":"0,052"}, {"id":"retail-ch_workit_fr_443","URL":"https://retail-ch.workit.fr:443/", "http_code":"200", "total_time":"0,203"}, {"id":"retail-ch_workit_fr_80","URL":"http://retail-ch.workit.fr:80/", "http_code":"200", "total_time":"0,055"}, {"id":"retail-de_workit_fr_443","URL":"https://retail-de.workit.fr:443/", "http_code":"200", "total_time":"0,231"}, {"id":"retail-de_workit_fr_80","URL":"http://retail-de.workit.fr:80/", "http_code":"200", "total_time":"0,065"}, {"id":"retail-fr_workit_fr_443","URL":"https://retail-fr.workit.fr:443/", "http_code":"200", "total_time":"0,231"}, {"id":"retail-fr_workit_fr_80","URL":"http://retail-fr.workit.fr:80/", "http_code":"200", "total_time":"0,066"}, {"id":"retail-ie_workit_fr_443","URL":"https://retail-ie.workit.fr:443/", "http_code":"200", "total_time":"0,218"}, {"id":"retail-ie_workit_fr_80","URL":"http://retail-ie.workit.fr:80/", "http_code":"200", "total_time":"0,052"}, {"id":"retail-ii_workit_fr_443","URL":"https://retail-ii.workit.fr:443/", "http_code":"200", "total_time":"0,222"}, {"id":"retail-ii_workit_fr_80","URL":"http://retail-ii.workit.fr:80/", "http_code":"200", "total_time":"0,047"}, {"id":"retail-it_workit_fr_443","URL":"https://retail-it.workit.fr:443/", "http_code":"200", "total_time":"0,200"}, {"id":"retail-it_workit_fr_80","URL":"http://retail-it.workit.fr:80/", "http_code":"200", "total_time":"0,045"}, {"id":"retail-uk_workit_fr_443","URL":"https://retail-uk.workit.fr:443/", "http_code":"200", "total_time":"0,242"}, {"id":"retail-uk_workit_fr_80","URL":"http://retail-uk.workit.fr:80/", "http_code":"200", "total_time":"0,080"}, {"id":"tracker-it_workit_fr_443","URL":"https://tracker-it.workit.fr:443/", "http_code":"200", "total_time":"0,228"}, {"id":"tracker-it_workit_fr_80","URL":"http://tracker-it.workit.fr:80/", "http_code":"200", "total_time":"0,051"}, {"id":"tracker-retail_workit_fr_443","URL":"https://tracker-retail.workit.fr:443/", "http_code":"200", "total_time":"0,225"}, {"id":"tracker-retail_workit_fr_80","URL":"http://tracker-retail.workit.fr:80/", "http_code":"200", "total_time":"0,081"}, {"id":"truk-wv4mat01_workit_fr_80","URL":"http://truk-wv4mat01.workit.fr:80/", "http_code":"200", "total_time":"0,115"}, {"id":"uk-admin-charac_workit_fr_443","URL":"https://uk-admin-charac.workit.fr:443/", "http_code":"404", "total_time":"0,205"}, {"id":"uk-admin-charac_workit_fr_80","URL":"http://uk-admin-charac.workit.fr:80/", "http_code":"200", "total_time":"0,511"}, {"id":"bgb3_uk_workit_fr_80","URL":"http://bgb3.uk.workit.fr:80/", "http_code":"200", "total_time":"0,071"}, {"id":"w2p-adhoc-arbo_workit_fr_80","URL":"http://w2p-adhoc-arbo.workit.fr:80/", "http_code":"200", "total_time":"0,079"}, {"id":"w2p-de-arbo_workit_fr_80","URL":"http://w2p-de-arbo.workit.fr:80/", "http_code":"200", "total_time":"0,072"}, {"id":"w2p-fashion-arbo_workit_fr_80","URL":"http://w2p-fashion-arbo.workit.fr:80/", "http_code":"200", "total_time":"0,078"}, {"id":"w2p-fashion-matching_workit_fr_80","URL":"http://w2p-fashion-matching.workit.fr:80/", "http_code":"200", "total_time":"0,096"}, {"id":"w2p-fr-arbo_workit_fr_80","URL":"http://w2p-fr-arbo.workit.fr:80/", "http_code":"200", "total_time":"0,072"}, {"id":"w2p-fr-matching_workit_fr_80","URL":"http://w2p-fr-matching.workit.fr:80/", "http_code":"200", "total_time":"0,073"}, {"id":"w2p-ii-admin_workit_fr_80","URL":"http://w2p-ii-admin.workit.fr:80/", "http_code":"200", "total_time":"0,062"}, {"id":"w2p-ii-arbo_workit_fr_80","URL":"http://w2p-ii-arbo.workit.fr:80/", "http_code":"200", "total_time":"0,065"}, {"id":"w2p-uk-arbo_workit_fr_80","URL":"http://w2p-uk-arbo.workit.fr:80/", "http_code":"200", "total_time":"0,075"}, {"id":"w2p-uk-qa_workit_fr_80","URL":"http://w2p-uk-qa.workit.fr:80/", "http_code":"200", "total_time":"0,133"}, {"id":"www_webprice4u_co_uk_80","URL":"http://www.webprice4u.co.uk:80/", "http_code":"200", "total_time":"0,151"}, {"id":"retail_workit_co_uk_80","URL":"http://retail.workit.co.uk:80/", "http_code":"200", "total_time":"0,066"}] }
